                  epoch,         train/box_loss,         train/cls_loss,         train/dfl_loss,   metrics/precision(B),      metrics/recall(B),       metrics/mAP50(B),    metrics/mAP50-95(B),           val/box_loss,           val/cls_loss,           val/dfl_loss,                 lr/pg0,                 lr/pg1,                 lr/pg2
                      0,                 1.9761,                 2.8319,                 1.8056,                0.33706,                0.24096,                0.16707,                0.05442,                  2.174,                 2.9375,                 1.8855,                0.00055,                0.00055,                0.00055
                      1,                 1.8622,                 2.2381,                 1.6786,                0.20762,                0.35016,                0.19466,                0.06341,                 2.2027,                 4.0085,                 2.1615,              0.0010327,              0.0010327,              0.0010327
