                  epoch,         train/box_loss,         train/cls_loss,         train/dfl_loss,   metrics/precision(B),      metrics/recall(B),       metrics/mAP50(B),    metrics/mAP50-95(B),           val/box_loss,           val/cls_loss,           val/dfl_loss,                 lr/pg0,                 lr/pg1,                 lr/pg2
                      0,                 2.0223,                 3.1549,                 1.8348,                 0.5868,                0.10345,                0.08936,                0.02957,                 2.1559,                 3.0603,                 1.8961,             0.00032993,             0.00032993,             0.00032993
                      1,                 1.8057,                 2.3096,                 1.6409,                0.69283,                0.16839,                0.14632,                0.05297,                 2.1311,                 2.5497,                 1.8904,             0.00053194,             0.00053194,             0.00053194
                      2,                 1.7551,                 2.0896,                  1.576,                0.65161,                0.17074,                0.11935,                0.04167,                 2.1291,                 2.7809,                  1.942,             0.00060195,             0.00060195,             0.00060195
                      3,                  1.722,                 1.9786,                 1.5701,                0.70528,                 0.1633,                0.15599,                0.05949,                 2.0571,                 2.2424,                 1.8331,               0.000406,               0.000406,               0.000406
                      4,                 1.7173,                 1.8906,                  1.542,                0.68148,                0.18486,                0.16532,                 0.0633,                 2.0685,                 2.1985,                 1.8282,               0.000406,               0.000406,               0.000406
